time_idx,value
43657,12.79116
43658,12.465047
43659,11.238454
43660,12.4902
43661,10.852611
43662,11.785357
43663,14.701103
43664,14.989606
43665,16.37574
43666,15.246411
43667,15.331897
43668,18.624372
43669,19.234018
43670,19.002539
43671,20.989697
43672,22.401981
43673,30.43401
43674,36.192223
43675,44.525608
43676,54.443047
43677,67.268005
43678,69.14694
43679,78.05113
43680,78.92739
43681,82.26782
43682,86.97624
43683,91.831665
43684,96.213715
43685,99.61119
43686,101.136765
43687,101.45471
43688,97.02362
43689,106.29556
43690,105.270226
43691,105.16109
43692,125.23871
43693,122.957855
43694,119.1847
43695,119.12657
43696,118.38162
43697,117.691956
43698,122.9502
43699,135.46039
43700,139.77686
43701,147.42517
43702,152.04626
43703,153.96118
43704,146.73468
43705,143.60458
43706,131.12204
43707,119.90256
43708,107.99412
43709,99.430725
43710,96.05014
43711,95.73214
43712,94.294525
43713,94.9872
43714,96.68735
43715,95.86679
43716,88.038345
43717,84.65956
43718,95.775856
43719,91.78522
43720,97.40878
43721,100.927
43722,103.43002
43723,107.55543
43724,117.97394
43725,125.478195
43726,125.30873
43727,131.58292
43728,124.00876
43729,119.520256
43730,110.68772
43731,111.40015
43732,99.37991
43733,91.36246
43734,83.255066
43735,74.53508
43736,71.082726
43737,69.29118
43738,68.241936
43739,65.50319
43740,59.24508
43741,56.642735
43742,54.47689
43743,50.29887
43744,48.65611
43745,48.781418
43746,50.245132
43747,51.386536
43748,52.400734
43749,67.1179
43750,73.4527
43751,83.49654
43752,92.388535
43753,97.00236
43754,95.39465
43755,91.12169
43756,88.716644
43757,85.93738
43758,85.118
43759,89.40685
43760,93.70178
43761,102.51875
43762,109.08154
43763,99.98153
43764,96.41676
43765,86.290085
43766,78.33118
43767,74.11119
43768,71.430664
43769,69.172
43770,69.38277
43771,82.562744
43772,91.299194
43773,104.557014
43774,100.29196
43775,98.83856
43776,100.713104
43777,93.45059
43778,87.456894
43779,85.23127
43780,78.95926
43781,76.811295
43782,72.89653
43783,69.066574
43784,79.48419
43785,70.873535
43786,68.05374
43787,58.245834
43788,60.107994
43789,58.154503
43790,58.494827
43791,58.65193
43792,59.05053
43793,59.58319
43794,56.55031
43795,58.848022
43796,62.011383
43797,54.973392
43798,50.13173
43799,38.302128
43800,36.231606
43801,36.52633
43802,32.41788
43803,27.921572
43804,22.202507
43805,16.981482
43806,13.694961
43807,10.3899975
43808,9.814072
43809,9.500841
43810,8.884688
43811,8.506736
43812,7.874511
43813,6.9929905
43814,5.169775
43815,4.7452974
43816,4.7884746
43817,5.6557508
43818,5.9748917
43819,6.184044
43820,5.9355164
43821,6.849398
43822,6.9785748
43823,7.2058425
43824,9.566332
